approach,wall_time_seconds,cpu_time_seconds,peak_memory_mb,num_decks_processed
Approach 1 (pandas_in_memory),7.361518874997273,7.3565354240000005,0.06512165069580078,200
Approach 2 (sqlite_temp_db),0.7362065829802305,0.7352071680000005,0.020111083984375,200
