approach,wall_time_seconds,cpu_time_seconds,peak_memory_mb,num_decks_processed
Approach 1,7.286131875007413,7.277773696000001,0.06512165069580078,200
Approach 2,0.7403353750705719,0.7380354560000004,0.020111083984375,200
